L_forward (s),L_activation gradient (s),L_weight gradient (s),L_weight update (s),E_forward (J),E_activation gradient (J),E_weight gradient (J),E_weight update (J),L_forward_Peak (s),L_activation gradient_Peak (s),L_weight gradient_Peak (s),L_weight update_Peak (s),E_forward_Peak (J),E_activation gradient_Peak (J),E_weight gradient_Peak (J),E_weight update_Peak (J),TOPS/W,TOPS,Peak TOPS/W,Peak TOPS
37.9411,30.1852,53.2738,0.412349,1.28079,1.22128,84.5339,0.00185252,6.90348,6.99298,34.702,0.385517,0.547018,0.541961,8.49008,0.00035064,2.11846,1.51398,19.2519,3.76493
37.944,30.1881,53.2733,0.507088,1.28654,1.22715,84.5047,0.00392822,6.9064,6.9959,34.7014,0.480257,0.552778,0.547833,8.46094,0.000833034,2.11883,1.51274,19.2861,3.75726
37.9436,30.1877,53.2746,0.492195,1.29008,1.2302,84.6021,0.003721,6.90597,6.99554,34.7028,0.465364,0.556316,0.550879,8.55828,0.000822758,2.11631,1.51291,19.0788,3.75836
37.9442,30.1883,53.2741,0.57166,1.292,1.2323,84.5552,0.00415164,6.90651,6.99606,34.7023,0.544829,0.558229,0.552981,8.5114,0.00126778,2.11734,1.51192,19.1629,3.75224
37.9433,30.1874,53.2734,0.540323,1.29215,1.23279,84.5009,0.0038315,6.90561,6.99518,34.7016,0.513492,0.558384,0.55347,8.45713,0.000589893,2.11865,1.51234,19.2716,3.75482
37.944,30.1881,53.2735,0.670563,1.29291,1.23357,84.5116,0.00494186,6.90638,6.99594,34.7016,0.643731,0.559146,0.554253,8.46775,0.00145212,2.11833,1.51071,19.2454,3.74477
37.9475,30.1916,53.2728,0.674741,1.29301,1.23384,84.4903,0.00392048,6.90981,6.99936,34.701,0.64791,0.559241,0.554518,8.4465,0.00124847,2.11886,1.51058,19.2879,3.74398
37.9491,30.1932,53.2723,0.607048,1.29396,1.23496,84.4814,0.00434557,6.91141,7.00096,34.7005,0.580216,0.560189,0.555643,8.43761,0.00155002,2.11902,1.51138,19.301,3.74893
37.945,30.1891,53.2737,0.657499,1.29491,1.23549,84.5474,0.00442709,6.90737,6.99692,34.7019,0.630668,0.561142,0.556168,8.50364,0.00150091,2.11737,1.51084,19.1657,3.7456
37.9494,30.1934,53.272,0.547039,1.29585,1.237,84.458,0.00373916,6.91172,7.00124,34.7002,0.520207,0.562085,0.557683,8.41417,0.000547537,2.11951,1.51212,19.3426,3.75349
37.9489,30.193,53.2719,0.671043,1.29568,1.2369,84.441,0.00320638,6.91125,7.0008,34.7001,0.644212,0.561916,0.557581,8.39716,0.000827193,2.11994,1.5106,19.3771,3.74412
37.9468,30.1909,53.2725,0.597743,1.29511,1.23614,84.4736,0.00373827,6.90913,6.99866,34.7006,0.570912,0.56134,0.55682,8.42979,0.000644672,2.11917,1.51155,19.314,3.74998
37.9493,30.1934,53.272,0.628179,1.29579,1.237,84.4338,0.00323388,6.91169,7.00124,34.7001,0.601348,0.56202,0.557674,8.39003,0.000983923,2.12011,1.51112,19.3909,3.74731
37.951,30.1951,53.2715,0.621913,1.29578,1.23719,84.425,0.00682004,6.9134,7.00294,34.6997,0.595082,0.56201,0.557865,8.38114,0.00243245,2.12024,1.51116,19.4057,3.74756
37.952,30.1961,53.2718,0.622242,1.29623,1.23752,84.437,0.00387095,6.91432,7.00388,34.7,0.595411,0.562461,0.558204,8.39321,0.000982986,2.11999,1.51113,19.3825,3.74737
37.9512,30.1952,53.272,0.628789,1.29799,1.23921,84.4647,0.00288706,6.91355,7.00303,34.7001,0.601958,0.564221,0.559887,8.4209,0.000620526,2.11926,1.51107,19.32,3.74698
37.9518,30.1959,53.2715,0.680339,1.29687,1.23828,84.4264,0.0036527,6.91417,7.00372,34.6996,0.653508,0.563101,0.558964,8.38258,0.00143556,2.12022,1.51042,19.4004,3.743
37.9505,30.1946,53.2715,0.637448,1.29677,1.23815,84.4281,0.00424071,6.91284,7.00237,34.6997,0.610617,0.563004,0.558829,8.38434,0.00205891,2.12017,1.51098,19.396,3.74646
37.9518,30.1959,53.2716,0.712406,1.29646,1.23782,84.4406,0.00503435,6.91415,7.00365,34.6998,0.685575,0.56269,0.558495,8.39675,0.00190387,2.11987,1.51002,19.3723,3.74056
37.9538,30.1979,53.2716,0.592083,1.29733,1.23875,84.4264,0.0039206,6.91613,7.00566,34.6997,0.565251,0.563561,0.559431,8.38258,0.000651121,2.1202,1.51146,19.4001,3.74941
37.9542,30.1983,53.2714,0.576523,1.2975,1.23904,84.3966,0.00308621,6.91657,7.0061,34.6995,0.549692,0.563729,0.559715,8.35274,0.000466318,2.12093,1.51165,19.4606,3.75054
37.9523,30.1964,53.2713,0.667834,1.29729,1.23883,84.4207,0.00727643,6.91468,7.00422,34.6994,0.641003,0.56352,0.559509,8.37687,0.00278873,2.12025,1.51056,19.4073,3.74389
37.9544,30.1985,53.2722,0.684295,1.29757,1.23876,84.4491,0.00551165,6.9168,7.00631,34.7004,0.657464,0.563798,0.559439,8.40528,0.00251914,2.1196,1.5103,19.3496,3.74224
37.952,30.1961,53.272,0.662791,1.29776,1.23904,84.4385,0.00584832,6.91435,7.00388,34.7001,0.635959,0.563997,0.559719,8.39466,0.00163675,2.11984,1.51062,19.372,3.74427
37.9529,30.197,53.2717,0.642583,1.29765,1.23909,84.4054,0.00517564,6.91528,7.00481,34.6999,0.615751,0.563879,0.559765,8.36163,0.00143617,2.12066,1.51085,19.44,3.74568
37.9533,30.1974,53.2725,0.64557,1.29832,1.23944,84.4605,0.00473439,6.91569,7.0052,34.7006,0.618739,0.564555,0.560121,8.41666,0.00146378,2.1193,1.5108,19.3257,3.74534
37.9522,30.1963,53.2711,0.688725,1.29655,1.23812,84.4086,0.00471496,6.91453,7.00407,34.6993,0.661894,0.562783,0.558803,8.36482,0.00189054,2.12064,1.51031,19.4367,3.74233
37.9536,30.1977,53.2714,0.645791,1.2971,1.23855,84.4363,0.00406787,6.91591,7.00546,34.6996,0.61896,0.563336,0.559226,8.39251,0.00135546,2.11996,1.5108,19.3793,3.74537
37.9529,30.197,53.2715,0.674044,1.29818,1.23961,84.4243,0.00485971,6.91529,7.00479,34.6997,0.647213,0.564413,0.560287,8.38044,0.00151058,2.12018,1.51047,19.3992,3.7433
37.9526,30.1967,53.2709,0.643529,1.29624,1.23796,84.3845,0.00274398,6.91497,7.00455,34.6991,0.616697,0.56247,0.558639,8.34067,0.00138375,2.12129,1.51086,19.4884,3.74572
37.9515,30.1956,53.2719,0.543068,1.29784,1.23918,84.4639,0.00375036,6.91385,7.00337,34.7001,0.516237,0.564078,0.559863,8.42014,0.000959698,2.11926,1.51212,19.3212,3.75347
37.954,30.1982,53.2712,0.596959,1.29807,1.23971,84.3689,0.00351777,6.91639,7.00595,34.6993,0.570128,0.564303,0.560389,8.32505,0.001029,2.12157,1.5114,19.5139,3.74903
37.9504,30.1945,53.2721,0.561083,1.29879,1.23999,84.4502,0.00447442,6.91279,7.00227,34.7003,0.534251,0.565025,0.560673,8.40635,0.0018416,2.11954,1.51192,19.3438,3.75225
37.9536,30.1977,53.272,0.560594,1.2978,1.23915,84.4416,0.00352614,6.91597,7.0055,34.7001,0.533763,0.564037,0.55983,8.39783,0.00126055,2.11981,1.51185,19.366,3.7518
37.9526,30.1967,53.2719,0.586928,1.29773,1.23911,84.4178,0.00472147,6.915,7.00455,34.7,0.560096,0.563965,0.559791,8.37402,0.0017799,2.12037,1.51155,19.4137,3.74995
37.9524,30.1964,53.2713,0.602664,1.29775,1.23943,84.4121,0.004924,6.91471,7.00424,34.6994,0.575833,0.563986,0.560111,8.36828,0.0013604,2.12049,1.51137,19.4256,3.74884
37.9518,30.1959,53.2717,0.596056,1.29774,1.23911,84.4501,0.00516679,6.91418,7.00368,34.6998,0.569225,0.563975,0.559785,8.40633,0.00210084,2.11957,1.51146,19.3472,3.7494
37.954,30.1981,53.2713,0.624158,1.29755,1.23909,84.4118,0.00512329,6.91638,7.00593,34.6995,0.597326,0.563786,0.559774,8.36801,0.00171849,2.12051,1.51106,19.4265,3.74695
37.9537,30.1978,53.272,0.671604,1.29734,1.23872,84.4345,0.00402194,6.91609,7.00564,34.7001,0.644772,0.563578,0.559396,8.39071,0.00172122,2.12,1.51047,19.3814,3.74333
37.953,30.1971,53.2714,0.687316,1.29734,1.23886,84.4224,0.00500811,6.91539,7.00495,34.6995,0.660485,0.563572,0.559536,8.37863,0.00113404,2.12026,1.5103,19.4069,3.74229
37.954,30.198,53.2713,0.538658,1.29688,1.23844,84.4079,0.00431335,6.91631,7.00584,34.6994,0.511827,0.563115,0.559116,8.36406,0.000777936,2.12066,1.51212,19.4392,3.75348
37.9528,30.1968,53.2718,0.6362,1.29772,1.23908,84.4242,0.00528951,6.91513,7.00463,34.6999,0.609369,0.563953,0.559764,8.38041,0.00131169,2.1202,1.51094,19.4017,3.74619
37.9549,30.1989,53.2717,0.56166,1.29806,1.23953,84.4394,0.00439147,6.91721,7.00674,34.6999,0.534829,0.564293,0.560214,8.39563,0.00193472,2.11983,1.51181,19.3678,3.75156
37.9532,30.1973,53.2713,0.619374,1.29766,1.23927,84.4203,0.00374026,6.91559,7.00511,34.6994,0.592542,0.563895,0.559951,8.37647,0.00126107,2.12033,1.51114,19.4096,3.74744
37.9518,30.1959,53.2716,0.550243,1.29799,1.23943,84.4225,0.00342695,6.9142,7.00373,34.6998,0.523412,0.564223,0.560104,8.37865,0.00146268,2.12027,1.51203,19.4037,3.75289
37.9536,30.1977,53.2717,0.64397,1.29771,1.23916,84.4132,0.0048653,6.91599,7.00548,34.6998,0.617138,0.563948,0.559841,8.36937,0.00175007,2.12048,1.51082,19.4232,3.74547
37.9519,30.196,53.2719,0.529151,1.29925,1.24056,84.4622,0.00464405,6.91429,7.00377,34.7001,0.50232,0.565482,0.56124,8.41839,0.00162571,2.11921,1.51228,19.3177,3.75447
37.9512,30.1953,53.2719,0.513214,1.29779,1.23908,84.4622,0.00340441,6.91357,7.00307,34.7001,0.486383,0.564027,0.559758,8.41839,0.00110931,2.11932,1.5125,19.3247,3.7558
37.9538,30.1979,53.2719,0.570891,1.29857,1.23981,84.4792,0.00490428,6.9162,7.00569,34.7001,0.544059,0.564802,0.560492,8.43541,0.00185184,2.11883,1.51172,19.2858,3.75099
37.9526,30.1966,53.2722,0.580556,1.29914,1.24039,84.4792,0.00443689,6.91494,7.00443,34.7003,0.553725,0.565372,0.561067,8.43539,0.00179388,2.11881,1.51163,19.2836,3.75043
37.9517,30.1958,53.2715,0.596864,1.29769,1.23916,84.4274,0.00495174,6.91406,7.00359,34.6997,0.570033,0.563925,0.559838,8.38357,0.00169982,2.12013,1.51145,19.3943,3.74936
37.9523,30.1963,53.2716,0.530043,1.29879,1.24018,84.4136,0.00495161,6.91461,7.00411,34.6998,0.503211,0.565019,0.560855,8.36978,0.00189935,2.12041,1.51227,19.4178,3.75437
37.9538,30.1979,53.271,0.630673,1.29683,1.23846,84.3923,0.00444764,6.91619,7.00572,34.6991,0.603841,0.563061,0.559139,8.34849,0.00138596,2.12103,1.51099,19.47,3.74651
37.9523,30.1964,53.2717,0.548938,1.29824,1.23969,84.4047,0.00460081,6.91467,7.0042,34.6998,0.522107,0.564471,0.560366,8.36089,0.00150827,2.12066,1.51203,19.4389,3.75292
37.9528,30.1968,53.2712,0.578746,1.29823,1.23981,84.3958,0.00667306,6.91512,7.00462,34.6993,0.551915,0.564459,0.560494,8.352,0.00155106,2.12083,1.51166,19.4568,3.75061
37.9547,30.1988,53.271,0.509263,1.29814,1.23988,84.3837,0.00444968,6.91704,7.00656,34.6992,0.482432,0.564374,0.560556,8.3399,0.000868579,2.12118,1.51247,19.4831,3.75564
37.9527,30.1968,53.2708,0.591954,1.29665,1.23844,84.3681,0.00266002,6.91503,7.00461,34.6989,0.565123,0.562883,0.559122,8.32429,0.000919355,2.12167,1.5115,19.5212,3.74965
37.9553,30.1994,53.2716,0.616631,1.29842,1.23994,84.4373,0.00570296,6.91764,7.00716,34.6997,0.589799,0.564658,0.560622,8.39349,0.00213983,2.11983,1.51112,19.3701,3.74731
37.9552,30.1993,53.2715,0.585441,1.2987,1.24018,84.4153,0.00417601,6.91756,7.00707,34.6996,0.55861,0.564936,0.560861,8.37152,0.00132714,2.12039,1.51151,19.4155,3.74971
37.9528,30.1969,53.2714,0.592152,1.29801,1.23947,84.4413,0.00386452,6.91518,7.00473,34.6996,0.565321,0.564241,0.560144,8.39745,0.000578375,2.1198,1.51149,19.3671,3.74956
37.9537,30.1978,53.2716,0.542597,1.29896,1.24045,84.4199,0.00525923,6.91606,7.00558,34.6998,0.515765,0.565196,0.561129,8.37612,0.00138495,2.12024,1.51208,19.405,3.75319
37.9527,30.1967,53.2714,0.518694,1.29849,1.23998,84.4235,0.0052074,6.91501,7.00452,34.6996,0.491863,0.564723,0.560658,8.37969,0.0011821,2.12018,1.5124,19.4,3.7552
37.9567,30.2008,53.2705,0.67237,1.29838,1.24024,84.3699,0.00511166,6.91906,7.00859,34.6987,0.645539,0.564615,0.560924,8.32608,0.00208399,2.12148,1.51041,19.5078,3.74293
37.9558,30.1999,53.2713,0.615699,1.29747,1.23913,84.3926,0.00438391,6.91814,7.00772,34.6995,0.588868,0.563703,0.559812,8.34878,0.00195006,2.121,1.51112,19.4655,3.74732
37.9553,30.1994,53.2713,0.540365,1.29801,1.23961,84.4096,0.00350103,6.91763,7.00716,34.6995,0.513534,0.564242,0.560286,8.3658,0.00112526,2.12058,1.51207,19.4303,3.75315
37.9539,30.1979,53.2716,0.631134,1.29835,1.23983,84.4185,0.00523613,6.91622,7.00574,34.6998,0.604302,0.564588,0.560508,8.3747,0.00134465,2.1203,1.51097,19.4105,3.74642
37.9557,30.1997,53.2712,0.515504,1.29921,1.24076,84.42,0.00522186,6.91805,7.00752,34.6994,0.488672,0.565443,0.561438,8.37618,0.00117439,2.12022,1.51237,19.4041,3.755
37.9549,30.1989,53.2714,0.532254,1.29843,1.24,84.4132,0.00543973,6.91723,7.00673,34.6995,0.505423,0.564667,0.560678,8.36936,0.00241397,2.12042,1.51218,19.4187,3.75383
37.955,30.1991,53.2709,0.502192,1.29852,1.24015,84.4097,0.003683,6.91735,7.00686,34.6991,0.475361,0.564758,0.56083,8.36587,0.000602535,2.12055,1.51255,19.429,3.75614
37.9533,30.1973,53.2717,0.515775,1.29895,1.24033,84.4533,0.00638272,6.91563,7.00511,34.6999,0.488943,0.56518,0.561013,8.40951,0.00251438,2.1194,1.51242,19.335,3.7553
37.9531,30.1972,53.2712,0.542976,1.29841,1.23996,84.4252,0.0057576,6.91547,7.00498,34.6993,0.516145,0.564639,0.560635,8.38143,0.00135728,2.12012,1.51209,19.3963,3.75329
37.9529,30.197,53.2709,0.625613,1.29847,1.24018,84.4135,0.00501621,6.91521,7.00479,34.699,0.598781,0.564708,0.560857,8.36974,0.00195314,2.12042,1.51108,19.4184,3.74705
37.9531,30.1972,53.2713,0.635857,1.29775,1.23932,84.4032,0.00554853,6.91543,7.00496,34.6995,0.609025,0.563985,0.560003,8.35943,0.00167972,2.1207,1.51094,19.4433,3.7462
37.9546,30.1987,53.2713,0.609292,1.29816,1.23973,84.4359,0.00322216,6.91695,7.00649,34.6995,0.58246,0.564394,0.56041,8.39211,0.00138611,2.11994,1.51123,19.3754,3.74799
37.9566,30.2007,53.2709,0.64399,1.29806,1.23975,84.3887,0.00352558,6.91895,7.00849,34.6991,0.617158,0.564294,0.560429,8.34486,0.000875375,2.12108,1.51076,19.4733,3.74508
37.9536,30.1977,53.2714,0.631264,1.29815,1.23961,84.4491,0.00221727,6.91596,7.0055,34.6996,0.604432,0.564384,0.560288,8.40525,0.00125931,2.11964,1.51098,19.3493,3.74646
37.9531,30.1972,53.2714,0.497492,1.29841,1.23996,84.4079,0.00412692,6.91548,7.00501,34.6996,0.47066,0.564645,0.560638,8.36406,0.000797481,2.12059,1.51265,19.4329,3.75674
37.9546,30.1986,53.2711,0.643389,1.29757,1.23916,84.4217,0.00420033,6.91691,7.00644,34.6993,0.616558,0.563803,0.559835,8.37792,0.00175693,2.12029,1.51081,19.406,3.74542
37.9576,30.2017,53.2708,0.654426,1.29858,1.24038,84.3886,0.00425998,6.91994,7.0095,34.699,0.627595,0.56481,0.561058,8.34483,0.00154042,2.12104,1.5106,19.4697,3.74414
37.9541,30.1982,53.2712,0.535647,1.29869,1.24021,84.4168,0.00430568,6.91646,7.00599,34.6994,0.508815,0.564923,0.560884,8.37295,0.0014549,2.12035,1.51216,19.4123,3.75369
37.9531,30.1972,53.2717,0.537034,1.29845,1.23983,84.4614,0.00502432,6.91545,7.00495,34.6999,0.510202,0.564684,0.560514,8.41764,0.00188354,2.11926,1.51216,19.3218,3.75371
37.9536,30.1977,53.2714,0.555752,1.29874,1.24024,84.4444,0.00480338,6.916,7.00552,34.6995,0.528921,0.564977,0.560922,8.40062,0.00133278,2.11966,1.51192,19.356,3.75222
37.957,30.201,53.2704,0.602838,1.29772,1.23969,84.3457,0.00680055,6.91931,7.00885,34.6985,0.576007,0.563953,0.560367,8.30189,0.0022366,2.12206,1.51126,19.5601,3.7482
37.9562,30.2003,53.2706,0.575824,1.29823,1.23999,84.3788,0.00285367,6.91857,7.00811,34.6988,0.548992,0.564463,0.560667,8.33498,0.00107868,2.12133,1.51161,19.4924,3.75035
37.9557,30.1998,53.2711,0.452482,1.29901,1.24067,84.4061,0.00400013,6.91808,7.00763,34.6992,0.425651,0.565245,0.561347,8.3623,0.000626346,2.1206,1.51315,19.4342,3.75982
37.9558,30.1998,53.2709,0.617335,1.29799,1.23965,84.3922,0.00229459,6.91813,7.00762,34.699,0.590504,0.564224,0.560331,8.34841,0.000852168,2.12103,1.51111,19.4664,3.74724
37.9559,30.2,53.2706,0.617495,1.2982,1.23998,84.3887,0.0024018,6.9183,7.00784,34.6988,0.590664,0.564429,0.560661,8.34486,0.000604804,2.1211,1.5111,19.4731,3.74722
37.958,30.202,53.2706,0.559202,1.29904,1.2408,84.3767,0.00531963,6.92038,7.00985,34.6987,0.53237,0.565278,0.561478,8.33284,0.00157118,2.12128,1.51178,19.4924,3.75135
37.9556,30.1996,53.2709,0.616861,1.29915,1.2408,84.4217,0.00240298,6.91791,7.00742,34.6991,0.590029,0.565388,0.561475,8.37792,0.000939942,2.12025,1.51112,19.4011,3.7473
37.9573,30.2013,53.2706,0.443449,1.29898,1.24077,84.4128,0.00373813,6.91963,7.00914,34.6987,0.416618,0.565214,0.561448,8.36903,0.000437193,2.12044,1.51323,19.4207,3.76032
37.9537,30.1978,53.2711,0.504078,1.29731,1.23895,84.399,0.00388687,6.91606,7.00558,34.6992,0.477247,0.563542,0.559633,8.35518,0.00165463,2.12086,1.51256,19.4537,3.75618
37.9562,30.2003,53.2708,0.479667,1.29887,1.24058,84.399,0.00481086,6.91858,7.0081,34.699,0.452835,0.565108,0.561259,8.35517,0.00089777,2.12076,1.5128,19.4487,3.75768
37.957,30.2011,53.2705,0.576699,1.29746,1.23934,84.3766,0.00568099,6.91937,7.00892,34.6987,0.549867,0.563695,0.56002,8.33276,0.00189084,2.12135,1.51158,19.4982,3.75017
37.955,30.199,53.2712,0.51736,1.299,1.24059,84.422,0.00409526,6.91733,7.00682,34.6994,0.490529,0.565233,0.561268,8.37823,0.00208661,2.12021,1.51236,19.3988,3.75496
37.9544,30.1985,53.2716,0.525874,1.29894,1.24043,84.4096,0.00437124,6.9168,7.00633,34.6998,0.499043,0.565178,0.561109,8.36582,0.00154044,2.12051,1.51226,19.4258,3.75436
37.9567,30.2008,53.2708,0.547251,1.29758,1.23941,84.3837,0.00554881,6.91902,7.00855,34.6989,0.520419,0.563813,0.560093,8.33989,0.00236464,2.12117,1.51195,19.4822,3.75245
37.9546,30.1987,53.2702,0.620638,1.29767,1.23964,84.3628,0.00296386,6.91694,7.00647,34.6984,0.593807,0.563905,0.560318,8.31895,0.000963095,2.12174,1.5111,19.5276,3.74721
37.9558,30.1999,53.2706,0.591495,1.29767,1.23949,84.4007,0.00301516,6.91818,7.0077,34.6987,0.564664,0.563899,0.560166,8.35691,0.00113512,2.12082,1.51143,19.4494,3.74922
37.9564,30.2004,53.2709,0.590116,1.29852,1.24024,84.3748,0.00405266,6.91873,7.00823,34.699,0.563285,0.56475,0.560922,8.33103,0.00157617,2.12138,1.51143,19.4984,3.74922
37.9569,30.201,53.271,0.528575,1.29945,1.24111,84.399,0.00540892,6.91927,7.00879,34.6992,0.501744,0.56568,0.561785,8.35517,0.00195193,2.12072,1.51218,19.4443,3.75382
37.9567,30.2007,53.2712,0.484368,1.29835,1.23998,84.411,0.00262017,6.91902,7.00853,34.6994,0.457537,0.564579,0.560661,8.36723,0.000475456,2.12055,1.51273,19.4272,3.75723
37.9571,30.2012,53.2713,0.531624,1.29952,1.24105,84.4267,0.00525728,6.9195,7.00898,34.6994,0.504793,0.565751,0.561724,8.38287,0.00147652,2.12005,1.51213,19.3887,3.75354
37.9537,30.1977,53.2708,0.504581,1.29831,1.23995,84.4047,0.00416671,6.91603,7.00554,34.699,0.47775,0.56454,0.560631,8.36088,0.00170841,2.12067,1.51256,19.4378,3.75617
37.9563,30.2004,53.2706,0.545819,1.2984,1.24023,84.3489,0.00553166,6.91866,7.00819,34.6988,0.518987,0.564631,0.560913,8.30509,0.00178795,2.12198,1.51198,19.5519,3.75263
37.9564,30.2005,53.2707,0.471132,1.29831,1.24012,84.399,0.00243306,6.91878,7.00831,34.6988,0.444301,0.564542,0.560803,8.35515,0.000732966,2.12084,1.51291,19.4512,3.75832
37.9565,30.2005,53.271,0.489593,1.2992,1.24083,84.3976,0.00476395,6.91884,7.00832,34.6991,0.462761,0.565435,0.561505,8.35379,0.00118682,2.12078,1.51267,19.4498,3.75687
37.9573,30.2014,53.2714,0.607597,1.29863,1.24019,84.4163,0.00286046,6.91968,7.0092,34.6995,0.580765,0.564859,0.560869,8.37253,0.000577756,2.1204,1.51118,19.4151,3.7477
37.955,30.1991,53.2709,0.516955,1.29876,1.24049,84.406,0.00443572,6.91734,7.00685,34.699,0.490123,0.564994,0.561168,8.36221,0.00169128,2.1206,1.51237,19.4331,3.75502
37.9565,30.2006,53.2701,0.608079,1.29818,1.24007,84.3678,0.00391667,6.91888,7.00836,34.6982,0.581248,0.564417,0.560754,8.32395,0.00181054,2.12157,1.51121,19.5136,3.74789
37.9543,30.1984,53.2709,0.588371,1.29793,1.23963,84.4007,0.00517968,6.91666,7.0062,34.6991,0.561539,0.564162,0.560305,8.35692,0.00192522,2.12075,1.5115,19.4469,3.74966
37.9574,30.2015,53.2704,0.56464,1.2977,1.23956,84.3596,0.00577349,6.91975,7.00929,34.6986,0.537809,0.563931,0.560244,8.31578,0.00193362,2.12175,1.51173,19.5323,3.75104
37.9569,30.2009,53.2707,0.573745,1.29835,1.24011,84.4128,0.00459956,6.91921,7.00873,34.6988,0.546913,0.564583,0.560788,8.36903,0.00162954,2.12045,1.51162,19.4209,3.75041
37.9562,30.2002,53.2714,0.540896,1.29892,1.24045,84.4146,0.00499247,6.91858,7.00805,34.6996,0.514064,0.565153,0.561127,8.37079,0.000703909,2.12038,1.51204,19.4173,3.75296
37.9564,30.2004,53.2706,0.517527,1.2981,1.23985,84.4082,0.00569438,6.91872,7.00823,34.6987,0.490696,0.564331,0.560533,8.3644,0.00184355,2.12055,1.51233,19.431,3.75478
37.9564,30.2004,53.271,0.553571,1.29757,1.23926,84.4163,0.00299653,6.91873,7.00824,34.6992,0.526739,0.563804,0.55994,8.37252,0.000658764,2.12044,1.51188,19.4191,3.752
37.9578,30.2018,53.2705,0.588798,1.29857,1.24044,84.3663,0.00396889,6.92014,7.00963,34.6986,0.561967,0.564808,0.56112,8.3225,0.00162503,2.12159,1.51142,19.5154,3.74914
37.9555,30.1996,53.2709,0.507708,1.29822,1.23991,84.3901,0.00475302,6.91789,7.00742,34.6991,0.480876,0.564457,0.560587,8.3463,0.00153433,2.12101,1.51247,19.4684,3.75563
37.9562,30.2003,53.2703,0.552118,1.29824,1.24016,84.3887,0.00301504,6.91856,7.00807,34.6984,0.525286,0.564474,0.560843,8.34488,0.000700894,2.12108,1.51191,19.4724,3.75219
37.9558,30.1999,53.2707,0.522793,1.29864,1.24041,84.3645,0.00339413,6.91818,7.00771,34.6989,0.495962,0.564876,0.561092,8.32073,0.00184891,2.12164,1.51228,19.5185,3.75445
37.9543,30.1983,53.2707,0.550258,1.299,1.2407,84.4164,0.00507847,6.91661,7.0061,34.6989,0.523427,0.565235,0.561376,8.37254,0.00155153,2.12032,1.51198,19.4113,3.7526
37.9568,30.2009,53.2714,0.568663,1.29931,1.24082,84.4132,0.00402367,6.91917,7.00866,34.6996,0.541831,0.565547,0.561496,8.36937,0.00138098,2.12042,1.51168,19.4173,3.75075
37.9576,30.2017,53.2701,0.545533,1.29888,1.2408,84.3713,0.00615136,6.92,7.00953,34.6982,0.518701,0.565117,0.561478,8.32753,0.00208593,2.1214,1.51196,19.5027,3.75249
37.956,30.2001,53.2704,0.532603,1.29847,1.24037,84.3645,0.00553368,6.91838,7.00791,34.6986,0.505771,0.564708,0.56105,8.32071,0.00190558,2.1216,1.51216,19.5188,3.75369
37.9581,30.2021,53.2712,0.50353,1.29848,1.24012,84.4025,0.00692663,6.92042,7.00994,34.6993,0.476699,0.564717,0.560794,8.35869,0.00181032,2.12064,1.51246,19.4414,3.75555
37.9549,30.1989,53.2705,0.599235,1.29823,1.24013,84.3663,0.00319408,6.91721,7.00673,34.6986,0.572404,0.564463,0.560805,8.32246,0.000977095,2.12162,1.51136,19.5182,3.74878
37.9554,30.1995,53.2705,0.564476,1.29895,1.24081,84.3645,0.00503183,6.91774,7.00727,34.6986,0.537645,0.56518,0.561486,8.32071,0.00186383,2.12159,1.51178,19.5171,3.75135
37.954,30.1981,53.2711,0.5062,1.29886,1.2405,84.406,0.0051144,6.91639,7.00587,34.6993,0.479369,0.565093,0.561175,8.36223,0.00164814,2.12058,1.51253,19.4329,3.75597
37.9564,30.2004,53.2709,0.523455,1.29849,1.24024,84.406,0.00318742,6.91874,7.00823,34.699,0.496624,0.564719,0.560918,8.36221,0.000592464,2.12065,1.51226,19.4364,3.75431
37.9565,30.2005,53.2713,0.547872,1.29913,1.24074,84.4132,0.00469441,6.91883,7.00833,34.6994,0.521041,0.565362,0.561419,8.36935,0.00119494,2.12041,1.51195,19.4182,3.7524
37.9554,30.1995,53.2707,0.490919,1.29754,1.23933,84.3766,0.00368825,6.91775,7.00729,34.6988,0.464088,0.563778,0.560009,8.33278,0.00116031,2.1214,1.51269,19.4995,3.75696
37.954,30.1981,53.2711,0.538733,1.29815,1.23976,84.4164,0.00424348,6.9164,7.00592,34.6993,0.511901,0.564387,0.560436,8.37255,0.00190645,2.12039,1.51212,19.4142,3.75348
37.9564,30.2005,53.2704,0.506593,1.29753,1.23948,84.3748,0.00692975,6.91876,7.00831,34.6986,0.479762,0.563766,0.560155,8.331,0.00265386,2.12136,1.51247,19.4999,3.75562
37.9563,30.2004,53.2698,0.584522,1.29643,1.2385,84.3489,0.00557962,6.91863,7.0082,34.698,0.55769,0.562665,0.559175,8.30508,0.00206078,2.12207,1.51151,19.559,3.74974
37.9576,30.2017,53.2712,0.540678,1.29958,1.24124,84.4003,0.00416819,6.91995,7.00945,34.6994,0.513847,0.565811,0.561922,8.35651,0.00193383,2.12071,1.51201,19.4411,3.75278
37.9563,30.2004,53.2707,0.526906,1.29788,1.23972,84.3783,0.00493495,6.91864,7.00816,34.6988,0.500074,0.564112,0.560394,8.33452,0.00188182,2.12131,1.51222,19.493,3.75407
37.9569,30.2009,53.271,0.489587,1.2994,1.24108,84.4284,0.00419575,6.91922,7.00871,34.6991,0.462756,0.565634,0.561764,8.3846,0.00193747,2.12003,1.51266,19.3843,3.75682
37.9552,30.1992,53.2704,0.579537,1.299,1.24085,84.3709,0.00343701,6.91753,7.00701,34.6986,0.552705,0.565237,0.561527,8.32709,0.00147297,2.12147,1.5116,19.5045,3.75024
37.9557,30.1998,53.2701,0.49841,1.2975,1.23957,84.3467,0.00408986,6.91802,7.00756,34.6982,0.471579,0.563736,0.560247,8.30293,0.00101288,2.12211,1.51259,19.5612,3.75639
37.9572,30.2013,53.2699,0.544418,1.29784,1.23992,84.3627,0.00504842,6.91955,7.00909,34.6981,0.517587,0.564075,0.560596,8.31893,0.00132905,2.12168,1.51199,19.526,3.75265
37.9569,30.201,53.2706,0.59958,1.29829,1.24002,84.416,0.00294878,6.91923,7.00876,34.6988,0.572748,0.564524,0.560699,8.37221,0.00108046,2.12042,1.5113,19.4158,3.74844
37.9574,30.2015,53.2709,0.477425,1.29955,1.24126,84.3833,0.00367978,6.9198,7.00929,34.699,0.450594,0.565784,0.561939,8.33953,0.00108259,2.12114,1.5128,19.4777,3.75767
37.9577,30.2017,53.2702,0.558028,1.29801,1.23992,84.3691,0.00444105,6.92002,7.00953,34.6984,0.531197,0.564242,0.560603,8.32533,0.00173845,2.12153,1.5118,19.5115,3.75152
37.9554,30.1994,53.2706,0.521641,1.29893,1.24079,84.3783,0.00523225,6.91771,7.00721,34.6988,0.494809,0.565168,0.561471,8.33452,0.00139861,2.12125,1.51231,19.4896,3.75462
37.9559,30.2,53.2706,0.527542,1.29834,1.24018,84.3766,0.00390148,6.91826,7.00779,34.6988,0.50071,0.564569,0.560859,8.33277,0.00165579,2.12135,1.51222,19.4952,3.75408
37.9575,30.2016,53.2709,0.49012,1.29923,1.24096,84.4106,0.00531816,6.91986,7.00938,34.6991,0.463289,0.565459,0.561635,8.36683,0.00100576,2.12045,1.51264,19.4231,3.75668
37.9552,30.1992,53.2705,0.448915,1.29865,1.24054,84.3766,0.00477382,6.91751,7.00701,34.6987,0.422084,0.564887,0.561222,8.33276,0.00108652,2.12131,1.51322,19.4949,3.76023
37.9562,30.2003,53.2705,0.514554,1.29839,1.24023,84.3645,0.00356057,6.91853,7.00806,34.6986,0.487723,0.564621,0.560911,8.32072,0.0009648,2.12165,1.51238,19.5212,3.75505
37.9535,30.1976,53.2713,0.529383,1.29968,1.24123,84.4373,0.00539973,6.91589,7.00537,34.6994,0.502551,0.565914,0.561914,8.39349,0.00209261,2.11978,1.51225,19.3651,3.75426
37.9557,30.1998,53.2706,0.522913,1.29867,1.24051,84.3922,0.00686553,6.91807,7.00756,34.6987,0.496082,0.564905,0.561188,8.3484,0.00223119,2.12088,1.51228,19.4605,3.75447
37.9571,30.2012,53.2707,0.476177,1.29811,1.23983,84.4043,0.00359271,6.91945,7.00895,34.6988,0.449346,0.564346,0.560506,8.36049,0.000761747,2.1207,1.51283,19.4412,3.75783
37.9562,30.2002,53.2711,0.483093,1.29937,1.24087,84.4405,0.00468131,6.91852,7.00802,34.6993,0.456262,0.565605,0.56155,8.3967,0.000715405,2.11973,1.51276,19.3627,3.75741
37.9576,30.2017,53.2706,0.615489,1.29808,1.23996,84.3847,0.00452055,6.91993,7.00946,34.6987,0.588657,0.564317,0.560643,8.34093,0.00203792,2.12115,1.51109,19.4785,3.74713
37.9562,30.2003,53.2708,0.55995,1.29834,1.24018,84.3921,0.00413206,6.9186,7.00814,34.6989,0.533118,0.564573,0.560862,8.34832,0.00197226,2.12097,1.51181,19.4625,3.75155
37.9559,30.2,53.2707,0.571022,1.298,1.23977,84.3936,0.00576561,6.91825,7.00777,34.6989,0.54419,0.564232,0.56045,8.34979,0.00203273,2.12091,1.51168,19.4609,3.75076
37.9564,30.2005,53.2705,0.575263,1.29809,1.24002,84.3801,0.00502537,6.91876,7.0083,34.6986,0.548432,0.564328,0.560697,8.33626,0.00123866,2.12125,1.51162,19.4897,3.75037
37.9555,30.1995,53.2707,0.460449,1.29748,1.23926,84.3745,0.00451356,6.91783,7.00733,34.6988,0.433617,0.563718,0.559941,8.33064,0.00110357,2.12143,1.51306,19.5043,3.75928
37.9563,30.2003,53.2707,0.554919,1.29792,1.23971,84.3766,0.00512154,6.91861,7.00814,34.6989,0.528087,0.564157,0.560387,8.33278,0.00186249,2.12134,1.51187,19.4965,3.75193
37.9561,30.2001,53.271,0.481045,1.29955,1.24119,84.406,0.00466643,6.91841,7.00789,34.6991,0.454213,0.565784,0.561865,8.36223,0.00124507,2.12056,1.51279,19.4309,3.75759
37.9547,30.1988,53.2708,0.463754,1.29836,1.24013,84.3766,0.00206426,6.91709,7.00661,34.699,0.436923,0.56459,0.560812,8.33278,0.000725708,2.1214,1.51304,19.4971,3.75913
37.9582,30.2023,53.2703,0.507603,1.29832,1.24018,84.3816,0.00679688,6.92059,7.01008,34.6985,0.480772,0.564557,0.56086,8.33776,0.00194131,2.12116,1.51241,19.4843,3.75528
37.9554,30.1995,53.2707,0.545221,1.29932,1.24102,84.3951,0.00535098,6.91777,7.00726,34.6989,0.51839,0.565552,0.5617,8.35128,0.00165797,2.12082,1.51201,19.4533,3.7528
37.9581,30.2022,53.2703,0.503346,1.29773,1.23968,84.3645,0.00450472,6.92044,7.00997,34.6984,0.476515,0.563965,0.560363,8.3207,0.00155196,2.12166,1.51247,19.5226,3.75563
37.9541,30.1982,53.2704,0.486088,1.29749,1.23938,84.3663,0.00378695,6.9165,7.00602,34.6986,0.459257,0.563727,0.560056,8.32246,0.00135233,2.12165,1.51278,19.5205,3.75754
37.9553,30.1994,53.2703,0.604368,1.29804,1.23992,84.3727,0.00427344,6.91768,7.00717,34.6985,0.577537,0.564276,0.560598,8.32888,0.00192485,2.12145,1.51129,19.5038,3.74834
37.9568,30.2008,53.2702,0.481059,1.2981,1.24001,84.3968,0.00380977,6.91912,7.00863,34.6983,0.454228,0.564331,0.560693,8.353,0.00131628,2.12087,1.51278,19.4551,3.75754
37.9569,30.201,53.2699,0.51126,1.29708,1.23921,84.3467,0.00562451,6.91923,7.00879,34.698,0.484429,0.563311,0.559887,8.30291,0.00171366,2.12209,1.51241,19.5614,3.75524
37.9571,30.2011,53.2705,0.552721,1.29863,1.24041,84.3954,0.00267667,6.91944,7.00894,34.6987,0.52589,0.564859,0.561085,8.35158,0.000950055,2.12091,1.51188,19.4569,3.75199
37.957,30.201,53.27,0.47013,1.2972,1.23924,84.3467,0.00243115,6.91932,7.00885,34.6982,0.443298,0.563433,0.55992,8.30293,0.000312115,2.12217,1.51291,19.5639,3.75836
37.9566,30.2007,53.2705,0.510305,1.29855,1.24037,84.3901,0.00499002,6.91898,7.00848,34.6986,0.483474,0.564781,0.561047,8.34628,0.00168027,2.12099,1.51242,19.4665,3.7553
37.958,30.2021,53.2704,0.565245,1.29738,1.23932,84.3748,0.00464038,6.92034,7.00987,34.6986,0.538414,0.563611,0.559995,8.33101,0.00170429,2.12142,1.5117,19.5025,3.7509
37.9574,30.2015,53.2701,0.501805,1.29748,1.23949,84.345,0.00609547,6.91974,7.00928,34.6982,0.474973,0.563709,0.560168,8.30118,0.00163048,2.12211,1.51251,19.5637,3.75587
37.9564,30.2005,53.2708,0.564469,1.29821,1.24,84.3801,0.00446302,6.91873,7.00827,34.699,0.537638,0.564439,0.560683,8.33628,0.00211629,2.12126,1.51175,19.4876,3.75118
37.9562,30.2003,53.2703,0.51161,1.29838,1.24031,84.3698,0.00437743,6.91859,7.00807,34.6985,0.484779,0.564612,0.560987,8.326,0.00129324,2.1215,1.51241,19.5095,3.75528
37.9587,30.2028,53.2702,0.592099,1.29722,1.2392,84.3623,0.00533404,6.92103,7.01057,34.6984,0.565268,0.563456,0.559883,8.31849,0.00110725,2.12172,1.51136,19.5301,3.74876
37.9548,30.1989,53.2702,0.494953,1.29728,1.23925,84.3691,0.00499436,6.91718,7.00671,34.6984,0.468122,0.563517,0.559925,8.32532,0.00172778,2.12155,1.51266,19.5145,3.75677
37.9556,30.1997,53.2707,0.52225,1.29811,1.23988,84.399,0.00533026,6.918,7.00752,34.6988,0.495419,0.564338,0.560561,8.35516,0.00226074,2.12078,1.51229,19.449,3.75452
37.9552,30.1992,53.2706,0.489529,1.29863,1.24036,84.3968,0.00474224,6.91757,7.00703,34.6988,0.462698,0.56486,0.561041,8.35303,0.00085846,2.12082,1.51271,19.4542,3.7571
37.9563,30.2004,53.2707,0.476134,1.29568,1.23754,84.411,0.00379509,6.91865,7.00821,34.6989,0.449303,0.561918,0.558214,8.3672,0.0014926,2.12064,1.51285,19.4356,3.75795
37.957,30.2011,53.2709,0.484237,1.29874,1.24044,84.4249,0.00410598,6.91936,7.00891,34.6991,0.457406,0.564972,0.561116,8.38105,0.00112222,2.12015,1.51273,19.3959,3.7572
37.9558,30.1999,53.2705,0.514005,1.29822,1.24012,84.3766,0.00428601,6.91813,7.00765,34.6987,0.487173,0.564454,0.560801,8.33276,0.00161731,2.12135,1.51239,19.4956,3.75515
37.9557,30.1998,53.2704,0.514389,1.29799,1.23993,84.3645,0.004764,6.91808,7.00761,34.6986,0.487558,0.564225,0.560613,8.3207,0.00182997,2.12164,1.51239,19.5209,3.75513
37.9556,30.1997,53.2702,0.58428,1.29739,1.23929,84.3748,0.00389484,6.91799,7.00749,34.6984,0.557449,0.563627,0.559971,8.33103,0.00173916,2.12144,1.51153,19.5023,3.74983
37.9568,30.2009,53.271,0.556918,1.29807,1.2398,84.3886,0.00430382,6.91915,7.00868,34.6991,0.530086,0.564304,0.560483,8.34484,0.00134774,2.12106,1.51183,19.4723,3.75168
37.9548,30.1989,53.2705,0.570955,1.29819,1.24008,84.3882,0.00441574,6.91718,7.0067,34.6987,0.544123,0.564423,0.560756,8.34443,0.00190247,2.12106,1.51171,19.4712,3.75094
37.9575,30.2016,53.2703,0.549846,1.29773,1.23963,84.3645,0.00408224,6.91989,7.00941,34.6985,0.523015,0.563959,0.560309,8.32071,0.00186963,2.12167,1.51191,19.522,3.75216
37.958,30.202,53.2705,0.55575,1.29826,1.24014,84.3784,0.00447548,6.92032,7.00984,34.6987,0.528919,0.564496,0.560823,8.33455,0.00147816,2.1213,1.51182,19.4921,3.75162
37.9548,30.1988,53.2704,0.510839,1.2975,1.23941,84.3766,0.00499043,6.9171,7.00663,34.6986,0.484008,0.563732,0.560089,8.33276,0.00214087,2.12136,1.51246,19.4975,3.75555
37.9563,30.2003,53.2704,0.553596,1.29819,1.24008,84.3922,0.00504923,6.91863,7.0081,34.6986,0.526765,0.564428,0.560761,8.34839,0.00145338,2.12095,1.51189,19.4639,3.75206
37.957,30.201,53.2705,0.527553,1.29813,1.23991,84.4146,0.00394577,6.91931,7.00883,34.6987,0.500721,0.564367,0.560588,8.37078,0.00175658,2.12043,1.5122,19.4179,3.75393
37.9568,30.2009,53.2697,0.608206,1.29734,1.23951,84.3088,0.0046289,6.91919,7.00871,34.6979,0.581375,0.563572,0.560188,8.26497,0.0018348,2.12303,1.51121,19.639,3.74786
37.9588,30.2029,53.2703,0.58995,1.29685,1.23885,84.3517,0.00417486,6.9212,7.01072,34.6984,0.563119,0.563088,0.559527,8.30786,0.00130412,2.12202,1.51138,19.5532,3.7489
37.9581,30.2022,53.2704,0.527371,1.29796,1.23988,84.3766,0.00164992,6.92049,7.01001,34.6986,0.50054,0.564196,0.560557,8.33276,0.000366133,2.12142,1.51217,19.4992,3.75377
37.9553,30.1993,53.2702,0.510811,1.29697,1.23893,84.3659,0.00334263,6.91761,7.00715,34.6983,0.483979,0.563201,0.559609,8.32213,0.00113757,2.12169,1.51245,19.5236,3.75549
37.9561,30.2002,53.2702,0.489429,1.29795,1.23992,84.3467,0.00591769,6.91848,7.00798,34.6984,0.462598,0.564188,0.560599,8.30294,0.00193179,2.12205,1.51269,19.5576,3.75699
37.9574,30.2015,53.2709,0.57119,1.29889,1.24065,84.3886,0.00280849,6.91974,7.00928,34.6991,0.544358,0.565121,0.561325,8.34484,0.000965923,2.12106,1.51164,19.4697,3.7505
37.9563,30.2004,53.27,0.473089,1.29709,1.2391,84.3499,0.00517124,6.9187,7.00823,34.6981,0.446258,0.563319,0.559776,8.30614,0.00200974,2.12203,1.51289,19.5543,3.75823
37.9553,30.1993,53.2705,0.507806,1.29829,1.24012,84.3762,0.00325318,6.91765,7.00714,34.6987,0.480975,0.564528,0.560797,8.33239,0.00143594,2.12138,1.51248,19.4966,3.75569
37.9575,30.2015,53.2705,0.581909,1.29843,1.24023,84.3918,0.00463769,6.91981,7.00932,34.6987,0.555077,0.564666,0.560913,8.34803,0.00197788,2.12096,1.51151,19.4628,3.74971
37.9568,30.2009,53.2698,0.54479,1.29699,1.23916,84.3208,0.00317817,6.91916,7.00871,34.6979,0.517959,0.563226,0.559843,8.27698,0.000646919,2.12279,1.51199,19.6178,3.75269
37.9574,30.2014,53.2707,0.471268,1.29887,1.24065,84.383,0.00392918,6.91971,7.00923,34.6988,0.444436,0.565099,0.561333,8.33915,0.00180668,2.12117,1.51288,19.4796,3.75816
37.9531,30.1971,53.2723,0.0856104,1.30036,1.24163,84.4735,0.000472583,6.91543,7.00487,34.7005,0.058779,0.566589,0.562313,8.42968,8.60252e-06,2.11899,1.51777,19.2938,3.78847
37.9526,30.1965,53.2729,0.0671021,1.30058,1.24165,84.4856,0.000470486,6.91492,7.00434,34.7011,0.0402708,0.566811,0.562328,8.44176,7.64949e-06,2.11869,1.51801,19.269,3.78995
37.952,30.196,53.273,0.0957696,1.30072,1.24174,84.5097,0.000468472,6.91437,7.00377,34.7012,0.0689383,0.566952,0.562418,8.46589,1.00291e-05,2.1181,1.51766,19.22,3.7878
37.9523,30.1962,53.2731,0.096286,1.30038,1.24137,84.5097,0.00047784,6.91464,7.00402,34.7013,0.0694546,0.566613,0.562053,8.46589,1.90212e-05,2.11811,1.51765,19.2214,3.78771
37.951,30.1949,53.2736,0.0726698,1.3006,1.24141,84.5235,0.000462407,6.91336,7.00273,34.7018,0.0458384,0.566837,0.562089,8.47972,8.46764e-06,2.11777,1.51797,19.1933,3.78971
37.9493,30.1932,53.2738,0.0747557,1.30037,1.24109,84.5395,0.000476073,6.91163,7.00096,34.702,0.0479243,0.566601,0.561773,8.49573,1.11812e-05,2.11739,1.51798,19.1624,3.78981
37.9503,30.1942,53.2738,0.0746886,1.30062,1.24137,84.5413,0.000463942,6.91266,7.00201,34.702,0.0478573,0.566856,0.562047,8.49748,9.52792e-06,2.11734,1.51796,19.1579,3.78965
37.949,30.1929,53.274,0.122113,1.30041,1.24108,84.5484,0.000493186,6.91133,7.00069,34.7021,0.0952814,0.566648,0.561762,8.50461,2.1866e-05,2.11718,1.5174,19.1447,3.78615
37.9498,30.1937,53.2741,0.0896867,1.30003,1.24067,84.5743,0.000476187,6.91214,7.00151,34.7022,0.0628553,0.566262,0.561346,8.53049,9.95052e-06,2.11657,1.51778,19.095,3.78854
37.9497,30.1936,53.2738,0.0975486,1.29992,1.24064,84.5381,0.000473927,6.91205,7.00141,34.702,0.0707172,0.566157,0.561321,8.4943,1.28e-05,2.11745,1.51769,19.167,3.78796
37.9488,30.1927,53.2742,0.0966183,1.30032,1.2409,84.5519,0.00047508,6.91115,7.0005,34.7024,0.069787,0.566549,0.561582,8.50812,1.13808e-05,2.1171,1.51772,19.1383,3.78815
37.9495,30.1934,53.2743,0.0816556,1.29989,1.24047,84.5743,0.000481704,6.91184,7.0012,34.7024,0.0548242,0.566123,0.561153,8.53049,1.41988e-05,2.11658,1.51789,19.0956,3.7892
37.9489,30.1928,53.2745,0.0996225,1.29985,1.24034,84.5864,0.000477763,6.91127,7.00064,34.7027,0.0727912,0.566086,0.561019,8.54255,1.32734e-05,2.11629,1.51767,19.0721,3.78787
37.9495,30.1934,53.2744,0.0872728,1.30002,1.24052,84.5761,0.000467837,6.91183,7.00117,34.7026,0.0604415,0.566255,0.561203,8.53226,9.80519e-06,2.11653,1.51781,19.0918,3.78875
37.9484,30.1923,53.2745,0.109059,1.30039,1.24085,84.5761,0.000471621,6.91075,7.00008,34.7027,0.0822277,0.566624,0.561525,8.53226,1.67476e-05,2.11651,1.51757,19.0904,3.78722
37.9476,30.1915,53.2748,0.0687741,1.30015,1.24053,84.5881,0.000476466,6.91,6.99934,34.7029,0.0419427,0.566383,0.561212,8.54432,7.99744e-06,2.11623,1.51809,19.0677,3.79045
37.9478,30.1917,53.2748,0.086465,1.29984,1.24021,84.5881,0.000481764,6.91018,6.99952,34.7029,0.0596337,0.56607,0.560892,8.54432,1.09129e-05,2.11625,1.51786,19.069,3.78905
37.9479,30.1918,53.2748,0.0835668,1.29994,1.24027,84.5761,0.000467932,6.91025,6.99959,34.7029,0.0567355,0.566168,0.560952,8.53228,9.00382e-06,2.11654,1.5179,19.0924,3.78926
37.9464,30.1902,53.2751,0.0983343,1.29999,1.24022,84.5881,0.000485509,6.90871,6.99803,34.7033,0.071503,0.566219,0.560899,8.54434,1.38946e-05,2.11624,1.51775,19.0686,3.78832
37.9467,30.1906,53.2749,0.0573095,1.29977,1.24008,84.5899,0.00046395,6.90905,6.99837,34.7031,0.0304782,0.566007,0.560762,8.54608,6.59886e-06,2.11621,1.51825,19.0659,3.79148
37.9478,30.1917,53.2753,0.0725122,1.29983,1.24003,84.5899,0.00046883,6.91014,6.99948,34.7034,0.0456809,0.566066,0.560709,8.54609,9.7935e-06,2.11621,1.51803,19.0658,3.7901
37.9474,30.1913,53.275,0.0989977,1.30006,1.24035,84.5778,0.000479357,6.90976,6.99912,34.7031,0.0721663,0.566292,0.561032,8.53403,1.3621e-05,2.11649,1.51771,19.0885,3.78812
37.9487,30.1925,53.275,0.0957302,1.30048,1.24074,84.6176,0.000468113,6.91101,7.00033,34.7032,0.0688989,0.566712,0.561419,8.57376,1.21452e-05,2.1155,1.51772,19.0088,3.78817
37.9477,30.1916,53.275,0.0865201,1.30015,1.24044,84.5881,0.000466772,6.91002,6.99935,34.7031,0.0596887,0.566384,0.561119,8.54433,1.27917e-05,2.11623,1.51786,19.0679,3.78905
37.9479,30.1918,53.2754,0.0888623,1.29977,1.23991,84.6077,0.000489809,6.91026,6.99961,34.7035,0.0620309,0.566004,0.560587,8.56385,1.12874e-05,2.11578,1.51782,19.0312,3.7888
37.9474,30.1913,53.2751,0.110743,1.2999,1.24012,84.6318,0.000473999,6.90977,6.99913,34.7033,0.083912,0.566129,0.560802,8.58796,1.53128e-05,2.11519,1.51756,18.9833,3.78719
37.948,30.1918,53.2753,0.119162,1.29983,1.23999,84.6318,0.000486404,6.91032,6.99965,34.7034,0.0923309,0.566064,0.560665,8.58797,1.47658e-05,2.11519,1.51744,18.9837,3.78644
37.9464,30.1903,53.2752,0.091463,1.30011,1.24029,84.6077,0.000468832,6.90879,6.99811,34.7034,0.0646316,0.566342,0.560973,8.56384,1.10087e-05,2.11577,1.51783,19.0298,3.78884
37.9467,30.1906,53.2752,0.0747564,1.29982,1.24001,84.6076,0.000467356,6.90904,6.99835,34.7034,0.047925,0.56605,0.560692,8.56384,8.22303e-06,2.11578,1.51803,19.031,3.7901
37.9463,30.1902,53.2753,0.115497,1.29984,1.24002,84.6094,0.000469088,6.9087,6.99802,34.7035,0.0886656,0.566074,0.560701,8.56559,1.3768e-05,2.11574,1.51753,19.0275,3.78698
37.947,30.1909,53.2755,0.0899487,1.29996,1.24008,84.6077,0.000471106,6.90936,6.99866,34.7036,0.0631174,0.566192,0.560762,8.56385,1.24908e-05,2.11577,1.51783,19.0305,3.78885
37.9483,30.1922,53.2755,0.121174,1.29995,1.24008,84.6094,0.000498025,6.91062,6.99996,34.7036,0.0943425,0.566187,0.560764,8.5656,3.54575e-05,2.11573,1.51741,19.0271,3.78622
37.9473,30.1912,53.2754,0.0922663,1.29997,1.24011,84.6318,0.000472295,6.90965,6.99897,34.7036,0.065435,0.566205,0.560792,8.58797,1.6471e-05,2.11519,1.51779,18.9832,3.78863
37.9459,30.1898,53.2755,0.08823,1.30022,1.2403,84.6335,0.000470371,6.9083,6.99761,34.7037,0.0613987,0.566455,0.560982,8.58973,1.23285e-05,2.11513,1.51788,18.9789,3.78914
37.947,30.1909,53.2753,0.051117,1.3,1.24021,84.6094,0.000461632,6.90938,6.99872,34.7034,0.0242856,0.566234,0.560886,8.56559,7.75656e-06,2.11573,1.51832,19.0268,3.79188
37.9477,30.1916,53.2755,0.0627245,1.30015,1.24024,84.6318,0.000467485,6.9101,6.99941,34.7036,0.0358931,0.566382,0.560917,8.58797,7.24167e-06,2.11518,1.51815,18.9826,3.79085
37.9464,30.1903,53.2752,0.0839092,1.29959,1.23979,84.6335,0.00047012,6.90876,6.9981,34.7034,0.0570778,0.565825,0.560466,8.58971,1.15961e-05,2.11516,1.51792,18.9812,3.78943
37.9473,30.1911,53.2755,0.0762117,1.30018,1.24025,84.6335,0.00046981,6.90961,6.99894,34.7037,0.0493803,0.566417,0.560933,8.58973,1.59416e-05,2.11514,1.51799,18.9791,3.78988
37.946,30.1899,53.2754,0.0912813,1.29993,1.24009,84.6353,0.000466053,6.90839,6.99772,34.7035,0.0644499,0.566162,0.560771,8.59146,1.01706e-05,2.1151,1.51784,18.9765,3.7889
37.9458,30.1897,53.2758,0.0990214,1.30035,1.24034,84.6456,0.000474533,6.90818,6.99751,34.704,0.07219,0.566585,0.561019,8.60178,1.2712e-05,2.11484,1.51774,18.9551,3.7883
37.9464,30.1903,53.2759,0.073797,1.29993,1.23991,84.6456,0.000472768,6.90877,6.99812,34.704,0.0469656,0.566158,0.560584,8.60178,1.32138e-05,2.11486,1.51804,18.9567,3.79016
37.9461,30.19,53.2759,0.0769086,1.30012,1.24011,84.6456,0.000476841,6.90843,6.99777,34.704,0.0500773,0.566358,0.560785,8.60178,1.28368e-05,2.11485,1.51801,18.956,3.78998
37.9452,30.189,53.2761,0.0711987,1.30017,1.24004,84.6456,0.000474921,6.90751,6.99684,34.7042,0.0443674,0.566402,0.560717,8.6018,1.81622e-05,2.11485,1.5181,18.956,3.79055
37.9465,30.1904,53.2758,0.0861015,1.30003,1.24006,84.6473,0.000466749,6.90886,6.99821,34.7039,0.0592702,0.566264,0.560738,8.60352,1.07074e-05,2.11481,1.51789,18.9528,3.7892
37.9462,30.1901,53.2758,0.0915306,1.29989,1.23989,84.6442,0.000466608,6.90856,6.99792,34.704,0.0646992,0.566123,0.560573,8.60035,1.38934e-05,2.11489,1.51783,18.9596,3.78882
37.9453,30.1892,53.2757,0.073579,1.2998,1.23983,84.6545,0.000465797,6.90765,6.997,34.7039,0.0467476,0.566031,0.560506,8.61064,8.19529e-06,2.11465,1.51807,18.9399,3.79036
37.9464,30.1903,53.2758,0.0884521,1.29994,1.23992,84.6353,0.000470199,6.90871,6.99806,34.704,0.0616208,0.566169,0.560596,8.59149,1.03866e-05,2.11511,1.51786,18.9768,3.78904
37.9452,30.1891,53.2759,0.096725,1.2998,1.23976,84.6473,0.000470066,6.9076,6.99694,34.704,0.0698937,0.566031,0.560438,8.60353,1.25803e-05,2.11482,1.51778,18.9539,3.78856
37.9455,30.1893,53.276,0.107007,1.29993,1.23985,84.6545,0.000473657,6.9078,6.99712,34.7041,0.0801761,0.56616,0.560529,8.61066,1.77816e-05,2.11464,1.51765,18.9396,3.78772
37.9446,30.1885,53.2762,0.0981606,1.29996,1.23977,84.6562,0.000478146,6.907,6.99631,34.7044,0.0713293,0.566197,0.560445,8.61243,1.56936e-05,2.1146,1.51778,18.9362,3.78852
37.9446,30.1885,53.2762,0.0268314,1.29996,1.23976,84.6562,0.000447434,6.90696,6.99627,34.7044,0,0.56619,0.560441,8.61243,5.56796e-07,2.1146,1.51867,18.9363,3.79408
37.9446,30.1885,53.2762,0.0268379,1.29995,1.23976,84.6562,0.000447436,6.907,6.99631,34.7044,6.5021e-06,0.566187,0.560437,8.61243,5.58914e-07,2.1146,1.51867,18.9363,3.79408
37.9447,30.1885,53.2762,0.0268379,1.29996,1.23976,84.6562,0.000447436,6.90703,6.99634,34.7044,6.5021e-06,0.566189,0.560438,8.61243,5.58911e-07,2.1146,1.51867,18.9363,3.79407
37.9447,30.1886,53.2762,0.0268362,1.29997,1.23978,84.6562,0.000447443,6.90708,6.99639,34.7044,4.81355e-06,0.566206,0.560457,8.61243,5.5792e-07,2.1146,1.51867,18.9362,3.79407
37.9446,30.1885,53.2762,0.0268314,1.29996,1.23977,84.6562,0.000447434,6.90696,6.99627,34.7044,0,0.566196,0.560448,8.61243,5.56796e-07,2.1146,1.51867,18.9362,3.79408
37.9446,30.1884,53.2762,0.0268362,1.29997,1.23978,84.6562,0.000447437,6.90692,6.99623,34.7044,4.81355e-06,0.566203,0.560455,8.61243,5.5792e-07,2.1146,1.51867,18.9362,3.79409
37.9445,30.1884,53.2762,0.0268394,1.29997,1.23978,84.6562,0.000447444,6.9069,6.99621,34.7044,8.0646e-06,0.566207,0.560458,8.61243,5.58979e-07,2.1146,1.51867,18.9362,3.79409
